Sample Number, May17(M)-June21(T),May22(M)-June22(T),Class
0,-25.927,-32.774,1
1,-25.927,-32.774,1
2,-26.232,-32.395,1
3,-26.232,-32.395,1
4,-26.289,-32.343,1
5,-26.289,-32.464,1
6,-26.28,-32.464,1
7,-26.28,-32.464,1
8,-26.271,-32.041,1
9,-26.271,-32.568,1
10,-25.96,-32.568,1
11,-25.96,-32.568,1
12,-26.229,-32.318,1
13,-26.229,-32.318,1
14,-26.271,-31.841,1
15,-26.271,-32.337,1
16,-25.976,-32.337,1
17,-25.976,-31.893,1
18,-25.985,-31.893,1
19,-25.985,-32.523,1
20,-25.767,-32.523,1
21,-25.767,-31.77,1
22,-26.512,-31.77,1
23,-26.512,-31.371,1
24,-26.414,-32.445,1
25,-26.414,-32.445,1
26,-26.255,-32.837,1
27,-26.255,-32.395,1
28,-26.477,-32.343,1
29,-26.477,-32.343,1
30,-26.352,-32.464,1
31,-26.352,-32.464,1
32,-26.196,-32.041,1
33,-26.196,-32.041,1
34,-26.196,-32.568,1
35,-26.338,-32.568,1
36,-25.96,-32.568,1
37,-25.96,-32.318,1
38,-26.229,-32.318,1
39,-26.229,-31.841,1
40,-26.271,-31.841,1
41,-26.229,-32.318,1
42,-26.271,-31.841,1
43,-26.271,-31.841,1
44,-26.271,-32.337,1
45,-25.976,-32.337,1
46,-25.976,-32.337,1
47,-25.976,-31.893,1
48,-25.985,-31.893,1
49,-25.985,-31.893,1
50,-25.985,-31.893,1
51,-25.985,-32.523,1
52,-25.767,-32.523,1
53,-25.767,-32.523,1
54,-26.512,-31.77,1
55,-26.512,-31.77,1
56,-26.512,-31.371,1
57,-26.681,-31.371,1
58,-26.512,-31.77,1
59,-25.767,-31.77,1
60,-26.414,-32.445,1
61,-26.414,-32.445,1
62,-26.255,-32.837,1
63,-26.255,-32.837,1
64,-26.255,-32.377,1
65,-26.477,-32.377,1
66,-26.477,-32.377,1
67,-26.477,-32.383,1
68,-26.352,-32.383,1
69,-26.352,-32.383,1
70,-26.352,-32.675,1
71,-26.196,-32.675,1
72,-26.196,-32.675,1
73,-26.196,-32.675,1
74,-26.196,-32.401,1
75,-26.338,-32.401,1
76,-26.338,-32.401,1
77,-26.338,-32.335,1
78,-26.338,-32.335,1
79,-26.338,-32.335,1
80,-26.176,-32.335,1
81,-26.176,-32.335,1
82,-26.176,-32.335,1
83,-26.176,-32.335,1
84,-26.176,-32.335,1
85,-26.176,-32.335,1
86,-26.176,-32.129,1
87,-26.121,-32.129,1
88,-26.121,-32.129,1
89,-26.121,-32.129,1
90,-26.121,-32.129,1
91,-26.121,-32.337,1
92,-26.121,-32.209,1
93,-26.25,-32.209,1
94,-26.25,-32.209,1
95,-26.25,-31.945,1
96,-26.25,-31.945,1
97,-26.385,-31.945,1
98,-26.385,-31.945,1
99,-26.385,-31.945,1
100,-26.385,-31.703,1
101,-25.842,-31.703,1
102,-25.842,-31.703,1
103,-25.842,-31.703,1
104,-25.842,-31.77,1
105,-26.291,-31.77,1
106,-26.291,-31.77,1
107,-26.291,-31.77,1
108,-26.291,-31.371,1
109,-25.971,-31.371,1
110,-25.971,-31.371,1
111,-25.971,-31.371,1
112,-26.414,-32.445,1
113,-26.414,-32.837,1
114,-26.414,-32.445,1
115,-26.255,-32.837,1
116,-26.255,-32.837,1
117,-26.255,-32.377,1
118,-26.477,-32.377,1
119,-26.477,-32.377,1
120,-26.477,-32.377,1
121,-26.477,-32.383,1
122,-26.352,-32.383,1
123,-26.352,-32.383,1
124,-26.352,-32.383,1
125,-26.352,-32.383,1
126,-26.352,-32.675,1
127,-26.352,-32.675,1
128,-26.196,-32.675,1
129,-26.196,-32.675,1
130,-26.196,-32.675,1
131,-26.196,-32.675,1
132,-26.196,-32.401,1
133,-26.338,-32.401,1
134,-26.338,-32.401,1
135,-26.338,-32.401,1
136,-26.338,-32.401,1
137,-26.338,-32.335,1
138,-26.176,-32.335,1
139,-26.176,-32.335,1
140,-26.176,-32.335,1
141,-26.176,-32.335,1
142,-26.176,-32.129,1
143,-26.121,-32.129,1
144,-26.121,-32.129,1
145,-26.121,-32.129,1
146,-26.121,-32.129,1
147,-26.121,-32.209,1
148,-26.121,-32.209,1
149,-26.25,-32.209,1
150,-26.25,-32.209,1
151,-26.25,-32.209,1
152,-26.385,-31.945,1
153,-26.385,-31.945,1
154,-26.385,-31.945,1
155,-26.385,-31.703,1
156,-25.842,-31.703,1
157,-25.842,-31.703,1
158,-25.842,-32.121,1
159,-26.291,-32.121,1
160,-26.291,-32.121,1
161,-26.291,-31.887,1
162,-25.971,-31.887,1
163,-25.971,-31.887,1
164,-25.971,-31.887,1
165,-25.971,-31.339,1
166,-26.291,-32.121,1
167,-25.971,-31.887,1
168,-26.291,-32.121,1
169,-25.842,-32.121,1
170,-25.842,-31.703,1
171,-25.842,-31.703,1
172,-25.842,-31.703,1
173,-25.842,-31.703,1
174,-25.842,-31.703,1
175,-26.385,-31.703,1
176,-26.385,-31.703,1
177,-26.385,-31.945,1
178,-26.385,-31.945,1
179,-26.385,-31.945,1
180,-26.385,-31.945,1
181,-26.25,-31.945,1
182,-26.25,-32.209,1
183,-26.25,-32.209,1
184,-26.25,-32.209,1
185,-26.25,-31.945,1
186,-25.976,-32.337,1
187,-26.25,-32.209,1
188,-26.121,-32.209,1
189,-26.121,-32.209,1
190,-26.121,-32.129,1
191,-26.121,-32.129,1
192,-26.121,-32.129,1
193,-26.121,-32.129,1
194,-26.121,-32.129,1
195,-26.176,-32.129,1
196,-26.176,-32.129,1
197,-26.176,-32.335,1
198,-26.176,-32.335,1
199,-26.176,-32.335,1
200,-26.176,-32.335,1
201,-26.176,-32.335,1
202,-26.338,-32.335,1
203,-26.338,-32.335,1
204,-26.338,-32.335,1
205,-26.338,-32.401,1
206,-26.338,-32.401,1
207,-26.338,-32.401,1
208,-26.338,-32.401,1
209,-26.196,-32.401,1
210,-26.196,-32.401,1
211,-26.196,-32.401,1
212,-26.196,-32.675,1
213,-26.196,-32.675,1
214,-26.196,-32.675,1
215,-26.196,-32.675,1
216,-26.196,-32.675,1
217,-26.352,-32.675,1
218,-26.352,-32.675,1
219,-26.352,-32.383,1
220,-26.352,-32.383,1
221,-26.352,-32.383,1
222,-26.352,-32.383,1
223,-26.477,-32.383,1
224,-26.477,-32.383,1
225,-26.477,-32.377,1
226,-26.477,-32.377,1
227,-26.477,-32.377,1
228,-26.477,-32.377,1
229,-26.255,-32.377,1
230,-26.255,-32.377,1
231,-26.255,-32.837,1
232,-26.255,-32.837,1
233,-26.255,-32.837,1
234,-26.414,-32.837,1
235,-26.414,-32.837,1
236,-26.414,-32.445,1
237,-26.414,-32.445,1
238,-26.414,-32.445,1
239,-26.414,-32.445,1
240,-26.559,-32.445,1
241,-26.414,-32.445,1
242,-26.18,-32.445,1
243,-26.18,-32.445,1
244,-26.18,-32.445,1
245,-26.275,-32.445,1
246,-26.275,-32.445,1
247,-26.275,-32.445,1
248,-26.275,-32.445,1
249,-26.275,-32.445,1
250,-26.275,-32.445,1
251,-26.275,-32.445,1
252,-26.275,-32.445,1
253,-26.275,-32.445,1
254,-26.275,-32.837,1
255,-26.275,-32.837,1
256,-26.275,-32.837,1
257,-26.275,-32.837,1
258,-26.188,-32.837,1
259,-26.188,-32.837,1
260,-26.188,-32.837,1
261,-26.188,-32.837,1
262,-26.188,-32.837,1
263,-26.188,-32.837,1
264,-26.188,-32.837,1
265,-26.188,-32.837,1
266,-26.188,-32.837,1
267,-26.188,-32.377,1
268,-26.188,-32.377,1
269,-26.188,-32.377,1
270,-26.705,-32.377,1
271,-26.705,-32.377,1
272,-26.705,-32.377,1
273,-26.705,-32.377,1
274,-26.705,-32.377,1
275,-26.705,-32.377,1
276,-26.705,-32.377,1
277,-26.705,-32.377,1
278,-26.705,-32.377,1
279,-26.705,-32.383,1
280,-26.705,-32.383,1
281,-26.705,-32.383,1
282,-26.705,-32.383,1
283,-26.326,-32.383,1
284,-26.326,-32.383,1
285,-26.326,-32.383,1
286,-26.326,-32.383,1
287,-26.326,-32.383,1
288,-26.326,-32.383,1
289,-26.326,-32.383,1
290,-26.326,-32.383,1
291,-26.326,-32.383,1
292,-26.326,-32.675,1
293,-26.326,-32.675,1
294,-26.326,-32.675,1
295,-26.326,-32.675,1
296,-26.326,-32.675,1
297,-26.225,-32.675,1
298,-26.225,-32.675,1
299,-26.225,-32.675,1
300,-26.225,-32.675,1
301,-26.225,-32.675,1
302,-26.225,-32.675,1
303,-26.225,-32.675,1
304,-26.225,-32.675,1
305,-26.225,-32.675,1
306,-26.225,-32.675,1
307,-26.225,-32.401,1
308,-26.225,-32.401,1
309,-26.225,-32.401,1
310,-26.225,-32.401,1
311,-26.225,-32.401,1
312,-25.975,-32.401,1
313,-25.975,-32.401,1
314,-25.975,-32.401,1
315,-25.975,-32.401,1
316,-25.975,-32.401,1
317,-25.975,-32.401,1
318,-25.975,-32.401,1
319,-25.975,-32.401,1
320,-25.975,-32.401,1
321,-25.975,-32.401,1
322,-25.975,-32.401,1
323,-25.975,-32.401,1
324,-25.975,-32.335,1
325,-25.975,-32.335,1
326,-25.975,-32.335,1
327,-25.975,-32.335,1
328,-25.975,-32.335,1
329,-25.975,-32.335,1
330,-26.186,-32.335,1
331,-26.186,-32.335,1
332,-26.186,-32.335,1
333,-26.186,-32.335,1
334,-26.186,-32.335,1
335,-26.186,-32.335,1
336,-26.186,-32.335,1
337,-26.186,-32.129,1
338,-26.186,-32.129,1
339,-26.186,-32.129,1
340,-26.457,-32.129,1
341,-26.457,-32.129,1
342,-26.457,-32.129,1
343,-26.457,-32.129,1
344,-26.457,-32.129,1
345,-26.457,-32.129,1
346,-26.121,-32.129,1
347,-26.121,-32.129,1
348,-26.457,-32.129,1
349,-26.457,-32.209,1
350,-26.121,-32.209,1
351,-26.25,-32.209,1
352,-26.121,-32.209,1
353,-26.18,-31.661,1
354,-26.18,-31.885,1
355,-26.18,-31.885,1
356,-26.275,-31.885,1
357,-26.275,-31.885,1
358,-26.275,-31.885,1
359,-26.275,-31.885,1
360,-26.275,-31.885,1
361,-26.275,-31.885,1
362,-26.275,-31.885,1
363,-26.275,-31.885,1
364,-26.275,-31.885,1
365,-26.18,-31.885,1
366,-26.18,-31.885,1
367,-26.18,-31.885,1
368,-26.18,-31.885,1
369,-26.18,-31.885,1
370,-26.18,-31.661,1
371,-26.18,-31.661,1
372,-26.18,-31.661,1
373,-26.275,-31.885,1
374,-26.275,-32.373,1
375,-26.275,-32.373,1
376,-26.275,-32.373,1
377,-26.275,-32.373,1
378,-26.275,-32.373,1
379,-26.275,-32.373,1
380,-26.275,-32.373,1
381,-26.275,-32.373,1
382,-26.188,-32.373,1
383,-26.188,-32.373,1
384,-26.188,-32.373,1
385,-26.188,-32.373,1
386,-26.188,-32.373,1
387,-26.188,-32.373,1
388,-26.188,-32.373,1
389,-26.18,-31.661,1
390,-26.18,-31.661,1
391,-26.183,-32.479,1
392,-26.183,-32.479,1
393,-26.183,-32.479,1
394,-26.361,-32.582,1
395,-26.361,-32.582,1
396,-26.353,-32.582,1
397,-26.487,-32.337,1
398,-26.487,-32.337,1
399,-26.487,-32.918,1
400,-26.2,-32.556,1
401,-26.065,-32.693,1
402,-26.065,-32.693,1
403,-26.241,-32.258,1
404,-26.158,-32.445,1
405,-26.443,-32.761,1
406,-26.443,-32.761,1
407,-26.112,-32.668,1
408,-26.632,-32.668,1
409,-26.632,-32.691,1
410,-26.723,-32.774,1
411,-26.502,-32.397,1
412,-26.396,-32.662,1
413,-26.553,-32.733,1
414,-26.45,-32.626,1
415,-26.662,-32.571,1
416,-25.995,-32.908,1
417,-26.322,-32.908,1
418,-26.358,-32.962,1
419,-26.358,-33.005,1
420,-26.347,-32.711,1
421,-26.379,-32.614,1
422,-25.904,-32.711,1
423,-25.904,-32.887,1
424,-26.127,-32.789,1
425,-26.145,-33.034,1
426,-26.145,-33.034,1
427,-26.129,-32.783,1
428,-26.24,-32.926,1
429,-26.289,-32.419,1
430,-26.394,-32.926,1
431,-26.289,-32.419,1
432,-25.879,-32.717,1
433,-25.879,-33.04,1
434,-26.199,-32.813,1
435,-26.199,-32.813,1
436,-26.328,-32.789,1
437,-26.038,-32.808,1
438,-26.169,-32.615,1
439,-26.169,-32.779,1
440,-26.01,-33.114,1
441,-26.091,-32.94,1
442,-25.797,-32.885,1
443,-25.552,-32.589,1
444,-26.023,-32.817,1
445,-26.364,-32.947,1
446,-26.016,-32.85,1
447,-26.535,-32.732,1
448,-25.936,-32.692,1
449,-26.151,-33.187,1
450,-26.058,-32.445,1
451,-26.34,-33.059,1
452,-26.563,-33.012,1
453,-25.919,-32.349,1
454,-26.524,-32.269,1
455,-26.203,-32.48,1
456,-26.148,-32.099,1
457,-26.277,-32.101,1
458,-25.801,-32.053,1
459,-25.888,-32.265,1
460,-26.256,-32.432,1
461,-26.358,-32.199,1
462,-26.204,-32.447,1
463,-26.452,-32.002,1
464,-26.135,-32.676,1
465,-26.133,-32.485,1
466,-25.878,-32.011,1
467,-25.945,-32.467,1
468,-25.89,-32.97,1
469,-26.662,-32.307,1
470,-26.72,-31.581,1
471,-26.129,-31.365,1
472,-26.041,-30.863,1
473,-26.458,-31.382,1
474,-25.897,-31.382,1
475,-25.897,-30.97,1
476,-25.975,-31.339,1
477,-26.245,-31.349,1
478,-26.526,-31.757,1
479,-26.484,-31.517,1
480,-26.484,-31.895,1
481,-25.828,-31.908,1
482,-26.42,-32.297,1
483,-26.29,-32.779,1
484,-26.124,-32.599,1
485,-26.393,-33.065,1
486,-26.392,-32.864,1
487,-26.139,-33.073,1
488,-26.421,-32.692,1
489,-26.849,-32.488,1
490,-25.869,-32.917,1
491,-25.869,-32.917,1
492,-26.005,-32.563,1
493,-26.263,-32.563,1
494,-26.263,-32.833,1
495,-26.236,-32.714,1
496,-26.311,-32.818,1
497,-26.311,-32.818,1
498,-26.358,-32.631,1
499,-26.114,-33.251,1
500,-26.106,-33.251,1
501,-26.114,-32.632,1
502,-25.975,-33.202,1
503,-26.252,-33.068,1
504,-26.252,-33.068,1
505,-26.252,-33.068,1
506,-26.099,-32.784,1
507,-26.157,-32.784,1
508,-26.364,-32.851,1
509,-26.367,-32.882,1
510,-26.75,-32.818,1
511,-26.75,-32.971,1
512,-26.107,-32.657,1
513,-26.45,-32.899,1
514,-26.237,-32.884,1
515,-26.09,-32.783,1
516,-26.42,-32.817,1
517,-25.944,-32.83,1
518,-26.09,-32.783,1
519,-26.249,-33.118,1
520,-26.361,-32.771,1
521,-25.797,-33.097,1
522,-26.104,-32.767,1
523,-25.89,-33.004,1
524,-26.255,-32.859,1
525,-26.255,-32.859,1
526,-26.084,-33.028,1
527,-25.89,-33.004,1
528,-26.084,-33.028,1
529,-26.066,-33.025,1
530,-25.756,-32.852,1
531,-26.49,-32.947,1
532,-25.846,-33.098,1
533,-26.231,-32.98,1
534,-26.134,-32.899,1
535,-26.07,-32.546,1
536,-26.333,-32.947,1
537,-26.291,-32.121,1
538,-25.971,-31.887,1
539,-25.971,-31.887,1
540,-25.975,-31.339,1
541,-25.975,-31.339,1
542,-26.093,-30.846,1
543,-25.66,-31.518,1
544,-26.12,-31.596,1
545,-26.12,-31.596,1
546,-26.681,-31.596,1
547,-26.681,-31.371,1
548,-26.681,-30.86,1
549,-26.681,-31.371,1
550,-26.681,-31.596,1
551,-26.291,-32.121,1
552,-25.971,-31.339,1
553,-25.971,-31.339,1
554,-25.975,-31.339,1
555,-25.975,-31.339,1
556,-25.975,-31.596,1
557,-25.975,-31.596,1
558,-25.975,-31.339,1
559,-25.975,-31.339,1
560,-26.681,-31.596,1
561,-26.12,-31.596,1
562,-26.12,-31.596,1
563,-26.12,-31.596,1
564,-25.897,-30.97,1
565,-25.897,-30.97,1
566,-26.12,-30.97,1
567,-26.12,-31.596,1
568,-25.975,-30.97,1
569,-25.975,-30.846,1
570,-25.975,-30.846,1
571,-25.975,-30.846,1
572,-25.975,-30.846,1
573,-26.093,-30.846,1
574,-26.093,-30.846,1
575,-25.897,-30.97,1
576,-25.897,-30.97,1
577,-25.897,-30.97,1
578,-25.897,-30.97,1
579,-26.093,-30.97,1
580,-26.093,-30.846,1
581,-26.093,-30.846,1
582,-26.093,-30.846,1
583,-26.093,-30.846,1
584,-26.093,-30.846,1
585,-26.093,-30.846,1
586,-26.093,-31.5,1
587,-26.093,-31.5,1
588,-26.074,-31.5,1
589,-26.074,-31.5,1
590,-26.074,-31.518,1
591,-25.66,-31.518,1
592,-26.074,-31.5,1
593,-26.074,-31.5,1
594,-26.093,-30.846,1
595,-26.074,-31.5,1
596,-26.074,-31.5,1
597,-26.074,-31.518,1
598,-25.66,-31.518,1
599,-25.66,-31.518,1
600,-25.66,-31.518,1
601,-25.66,-31.58,1
602,-25.66,-31.518,1
603,-26.074,-31.5,1
604,-26.074,-31.5,1
605,-26.074,-31.5,1
606,-26.093,-31.5,1
607,-26.093,-31.5,1
608,-26.093,-31.382,1
609,-26.074,-31.382,1
610,-26.074,-31.382,1
611,-26.074,-31.382,1
612,-26.074,-31.382,1
613,-26.074,-31.382,1
614,-26.074,-30.863,1
615,-25.66,-30.863,1
616,-26.074,-30.863,1
617,-25.66,-30.863,1
618,-25.66,-30.863,1
619,-25.66,-30.863,1
620,-25.66,-31.735,1
621,-25.66,-30.863,1
622,-26.041,-30.863,1
623,-26.458,-30.863,1
624,-26.458,-31.382,1
625,-26.458,-31.382,1
626,-26.458,-31.382,1
627,-25.897,-31.382,1
628,-26.458,-31.382,1
629,-25.897,-31.382,1
630,-25.897,-30.97,1
631,-25.897,-30.97,1
632,-26.212,-32.587,1
633,-26.296,-32.254,1
634,-26.261,-32.605,1
635,-26.631,-32.298,1
636,-26.41,-32.736,1
637,-25.919,-32.382,1
638,-26.359,-32.628,1
639,-26.286,-32.752,1
640,-26.204,-32.822,1
641,-26.242,-32.958,1
642,-26.059,-32.888,1
643,-26.839,-32.637,1
644,-26.104,-32.865,1
645,-26.104,-32.865,1
646,-26.191,-32.884,1
647,-26.248,-32.774,1
648,-26.059,-32.802,1
649,-25.872,-32.674,1
650,-26.56,-32.929,1
651,-26.342,-32.788,1
652,-26.396,-32.608,1
653,-26.132,-32.827,1
654,-26.183,-32.767,1
655,-25.94,-32.595,1
656,-25.937,-32.883,1
657,-26.133,-32.792,1
658,-26.827,-32.727,1
659,-26.414,-32.582,1
660,-26.379,-32.543,1
661,-26.278,-32.588,1
662,-26.693,-32.545,1
663,-26.333,-33.014,1
664,-26.398,-32.664,1
665,-26.341,-32.806,1
666,-26.264,-32.804,1
667,-26.209,-32.014,1
668,-26.003,-32.804,1
669,-26.452,-32.356,1
670,-26.045,-32.233,1
671,-26.388,-32.041,1
672,-26.222,-32.283,1
673,-26.726,-32.651,1
674,-26.989,-32.777,1
675,-26.588,-32.737,1
676,-26.547,-32.534,1
677,-26.367,-32.85,1
678,-26.328,-31.785,1
679,-26.736,-33.054,1
680,-26.501,-32.746,1
681,-26.598,-32.809,1
682,-26.361,-32.754,1
683,-26.304,-32.629,1
684,-25.782,-32.849,1
685,-26.324,-32.616,1
686,-26.543,-32.905,1
687,-26.296,-32.353,1
688,-26.508,-32.793,1
689,-26.403,-32.168,1
690,-26.219,-32.778,1
691,-26.49,-32.864,1
692,-26.55,-32.34,1
693,-26.492,-33.008,1
694,-26.017,-32.079,1
695,-26.381,-32.984,1
696,-26.385,-32.374,1
697,-26.577,-32.121,1
698,-26.246,-32.672,1
699,-26.04,-32.466,1
700,-26.251,-33.251,1
701,-26.722,-32.793,1
702,-26.623,-32.918,1
703,-26.153,-33.076,1
704,-26.286,-32.917,1
705,-26.253,-32.966,1
706,-26.431,-32.686,1
707,-26.609,-32.752,1
708,-26.309,-32.818,1
709,-26.353,-32.767,1
710,-26.302,-32.543,1
711,-26.467,-32.655,1
712,-26.195,-32.95,1
713,-26.16,-32.806,1
714,-26.495,-32.344,1
715,-25.829,-33.107,1
716,-26.333,-33.058,1
717,-26.255,-32.998,1
718,-26.406,-32.979,1
719,-25.697,-32.789,1
720,-26.166,-32.885,1
721,-26.129,-32.798,1
722,-25.979,-32.847,1
723,-25.958,-32.663,1
724,-25.83,-32.555,1
725,-26.241,-32.676,1
726,-26.042,-32.846,1
727,-26.078,-32.868,1
728,-26.002,-32.641,1
729,-25.562,-33.119,1
730,-26.201,-32.688,1
731,-26.233,-33.004,1
732,-26.118,-32.602,1
733,-26.322,-33.077,1
734,-26.124,-32.7,1
735,-26.093,-32.872,1
736,-26.134,-32.92,1
737,-25.964,-32.686,1
738,-25.788,-32.684,1
739,-25.957,-32.875,1
740,-26.176,-33.082,1
741,-26.405,-33.26,1
742,-26.175,-32.759,1
743,-25.871,-32.792,1
744,-25.852,-32.826,1
745,-25.808,-32.782,1
746,-25.846,-33.186,1
747,-25.825,-32.734,1
748,-25.64,-32.929,1
749,-26.079,-32.74,1
750,-25.472,-33.058,1
751,-26.24,-32.709,1
752,-25.717,-32.572,1
753,-25.597,-32.766,1
754,-25.813,-32.657,1
755,-26.061,-32.62,1
756,-25.597,-32.706,1
757,-26.013,-32.756,1
758,-26.367,-33.014,1
759,-26.125,-32.758,1
760,-26.187,-32.668,1
761,-25.919,-32.856,1
762,-26.255,-33.053,1
763,-25.944,-33.004,1
764,-26.012,-32.983,1
765,-26.184,-32.98,1
766,-25.941,-32.798,1
767,-26.341,-32.739,1
768,-26.099,-32.813,1
769,-26.021,-32.859,1
770,-26.016,-32.942,1
771,-26.298,-32.838,1
772,-26.063,-33.11,1
773,-25.726,-33.071,1
774,-26.071,-32.738,1
775,-26.129,-32.648,1
776,-25.887,-32.83,1
777,-25.931,-32.825,1
778,-25.71,-32.948,1
779,-26.109,-32.784,1
780,-26.211,-32.55,1
781,-26.054,-32.77,1
782,-25.65,-32.969,1
783,-25.508,-32.763,1
784,-26.168,-32.686,1
785,-26.092,-32.856,1
786,-25.979,-33.111,1
787,-26.159,-32.587,1
788,-25.801,-32.865,1
789,-25.849,-32.566,1
790,-25.969,-32.684,1
791,-25.885,-32.651,1
792,-25.766,-32.548,1
793,-26.296,-32.64,1
794,-26.352,-32.827,1
795,-26.023,-32.941,1
796,-25.761,-33.183,1
797,-26.161,-32.938,1
798,-26.105,-32.619,1
799,-26.092,-32.659,1
800,-25.86,-32.716,1
801,-25.739,-32.738,1
802,-25.926,-32.94,1
803,-25.908,-32.443,1
804,-26.013,-32.771,1
805,-26.223,-32.822,1
806,-25.887,-32.775,1
807,-26.359,-32.632,1
808,-26.694,-32.821,1
809,-26.192,-32.487,1
810,-26.276,-32.347,1
811,-26.038,-32.239,1
812,-26.075,-32.097,1
813,-26.082,-32.525,1
814,-25.77,-32.757,1
815,-26.389,-32.159,1
816,-26.415,-32.586,1
817,-25.764,-32.821,1
818,-25.829,-32.717,1
819,-25.834,-32.47,1
820,-25.636,-32.47,1
821,-26.135,-32.12,1
822,-26.139,-32.676,1
823,-26.478,-33.085,1
824,-25.95,-32.302,1
825,-26.415,-32.893,1
826,-25.922,-32.485,1
827,-25.881,-32.844,1
828,-25.636,-32.724,1
829,-25.636,-32.724,1
830,-26.049,-32.467,1
831,-26.049,-32.467,1
832,-25.89,-32.276,1
833,-25.965,-32.546,1
834,-25.945,-32.106,1
835,-25.636,-32.724,1
836,-25.801,-32.724,1
837,-26.177,-32.206,1
838,-26.133,-32.485,1
839,-25.963,-32.171,1
840,-25.94,-32.358,1
841,-26.276,-32.774,1
842,-26.038,-32.347,1
843,-26.203,-32.774,1
844,-25.707,-32.239,1
845,-26.258,-32.586,1
846,-26.358,-32.199,1
847,-26.446,-32.399,1
848,-26.258,-32.157,1
849,-25.689,-32.288,1
850,-25.888,-31.818,1
851,-25.94,-32.265,1
852,-26.038,-32.347,1
853,-25.963,-32.171,1
854,-25.963,-32.053,1
855,-26.202,-32.305,1
856,-26.34,-32.823,1
857,-26.442,-32.403,1
858,-26.694,-32.821,1
859,-26.508,-32.487,1
860,-26.281,-32.712,1
861,-26.169,-32.555,1
862,-26.158,-32.742,1
863,-26.158,-32.393,1
864,-26.496,-32.577,1
865,-26.203,-32.879,1
866,-26.412,-32.548,1
867,-26.508,-32.52,1
868,-25.789,-32.555,1
869,-25.683,-32.859,1
870,-25.95,-32.822,1
871,-26.434,-32.613,1
872,-26.191,-32.978,1
873,-26.49,-32.796,1
874,-25.879,-32.443,1
875,-26.223,-33.004,1
876,-25.799,-32.525,1
877,-25.922,-32.073,1
878,-26.292,-32.775,1
879,-25.95,-32.651,1
880,-26.337,-32.231,1
881,-25.983,-32.859,1
882,-26.205,-32.667,1
883,-25.816,-32.529,1
884,-25.781,-32.481,1
885,-25.781,-32.393,1
886,-25.915,-32.802,1
887,-25.801,-32.943,1
888,-25.801,-32.943,1
889,-26.397,-32.619,1
890,-26.397,-32.715,1
891,-25.915,-32.857,1
892,-26.02,-32.853,1
893,-25.871,-32.493,1
894,-25.871,-32.802,1
895,-25.942,-32.561,1
896,-25.999,-32.484,1
897,-25.991,-32.751,1
898,-25.936,-32.854,1
899,-26.099,-32.525,1
900,-25.963,-32.898,1
901,-26.168,-32.684,1
902,-25.956,-32.943,1
903,-25.996,-32.396,1
904,-26.201,-32.872,1
905,-25.983,-32.98,1
906,-25.945,-32.45,1
907,-26.091,-32.694,1
908,-25.903,-32.918,1
909,-26.032,-32.563,1
910,-25.969,-32.979,1
911,-25.761,-32.964,1
912,-25.758,-32.54,1
913,-26.199,-32.839,1
914,-26.199,-32.839,1
915,-25.725,-32.758,1
916,-26.092,-32.563,1
917,-25.83,-32.666,1
918,-25.652,-32.936,1
919,-26.023,-32.993,1
920,-25.777,-32.928,1
921,-26.303,-32.827,1
922,-26.08,-33.184,1
923,-25.712,-32.796,1
924,-26.005,-32.772,1
925,-25.658,-33.106,1
926,-26.065,-32.611,1
927,-25.726,-32.611,1
928,-26.086,-32.752,1
929,-25.893,-33.018,1
930,-25.71,-32.792,1
931,-26.112,-32.948,1
932,-26.054,-32.655,1
933,-26.054,-32.655,1
934,-26.014,-32.924,1
935,-26.062,-32.846,1
936,-26.244,-32.777,1
937,-26.256,-32.885,1
938,-25.91,-33.258,1
939,-26.143,-32.681,1
940,-25.946,-32.773,1
941,-25.944,-32.953,1
942,-25.858,-32.804,1
943,-26.28,-32.927,1
944,-26.071,-33.045,1
945,-25.881,-32.712,1
946,-25.674,-32.797,1
947,-25.881,-32.712,1
948,-25.997,-32.797,1
949,-26.072,-33.053,1
950,-25.929,-33.135,1
951,-26.268,-32.875,1
952,-26.359,-32.823,1
953,-25.941,-32.722,1
954,-26.295,-32.572,1
955,-26.127,-32.801,1
956,-25.894,-32.389,1
957,-25.789,-32.389,1
958,-26.128,-32.767,1
959,-25.867,-32.518,1
960,-25.868,-32.572,1
961,-25.597,-33.091,1
962,-26.426,-33.148,1
963,-25.844,-32.758,1
964,-26.163,-32.846,1
965,-25.853,-33.107,1
966,-25.9,-32.896,1
967,-25.908,-32.684,1
968,-26.216,-32.977,1
969,-26.109,-32.755,1
970,-26.134,-32.895,1
971,-26.147,-32.739,1
972,-25.919,-32.876,1
973,-25.826,-32.72,1
974,-25.979,-32.662,1
975,-25.974,-32.784,1
976,-26.249,-32.888,1
977,-26.351,-32.807,1
978,-25.87,-32.694,1
979,-25.727,-32.985,1
980,-26.034,-32.659,1
981,-25.925,-33.036,1
982,-25.844,-32.844,1
983,-26.037,-32.987,1
984,-25.92,-32.957,1
985,-25.697,-32.38,1
986,-26.127,-33.183,1
987,-26.126,-32.738,1
988,-26.025,-33.038,1
989,-26.039,-32.641,1
990,-26.54,-33.141,1
991,-26.122,-32.692,1
992,-26.307,-32.697,1
993,-26.193,-32.74,1
994,-25.97,-32.998,1
995,-26.287,-32.897,1
996,-26.247,-33.03,1
997,-25.969,-32.722,1
998,-26.383,-32.78,1
999,-25.847,-32.825,1
1000,-25.925,-32.939,1
1001,-26.549,-32.68,1
1002,-26.137,-32.878,1
1003,-25.942,-33.042,1
1004,-26.354,-32.783,1
1005,-26.022,-32.611,1
1006,-25.94,-32.659,1
1007,-26.202,-32.817,1
1008,-26.197,-32.711,1
1009,-26.059,-32.969,1
1010,-26.382,-33.225,1
1011,-26.431,-33.007,1
1012,-26.161,-32.893,1
1013,-26.182,-32.794,1
1014,-26.506,-32.991,1
1015,-26.151,-32.781,1
1016,-26.067,-33.154,1
1017,-26.286,-32.884,1
1018,-26.222,-32.661,1
1019,-26.222,-33.127,1
1020,-25.973,-32.661,1
1021,-26.189,-32.716,1
1022,-26.03,-32.778,1
1023,-26.495,-32.661,1
1024,-26.618,-33.08,1
1025,-26.485,-32.609,1
1026,-26.182,-32.556,1
1027,-26.271,-32.851,1
1028,-26.31,-32.599,1
1029,-26.31,-33.018,1
1030,-26.32,-32.761,1
1031,-26.169,-32.412,1
1032,-25.987,-33.221,1
1033,-26.105,-32.53,1
1034,-25.847,-32.885,1
1035,-26.178,-32.824,1
1036,-26.013,-32.498,1
1037,-26.336,-32.868,1
1038,-26.296,-32.706,1
1039,-25.775,-32.66,1
1040,-26.199,-32.985,1
1041,-26.36,-32.966,1
1042,-26.253,-32.291,1
1043,-26.099,-33.057,1
1044,-26.099,-33.057,1
1045,-25.751,-32.979,1
1046,-26.093,-32.824,1
1047,-26.378,-32.7,1
1048,-25.994,-32.773,1
1049,-26.804,-32.584,1
1050,-26.645,-32.892,1
1051,-26.645,-32.556,1
1052,-26.237,-33.244,1
1053,-26.37,-32.364,1
1054,-25.995,-32.883,1
1055,-26.209,-32.877,1
1056,-26.437,-32.751,1
1057,-26.709,-32.81,1
1058,-26.429,-32.543,1
1059,-26.429,-32.808,1
1060,-26.443,-32.919,1
1061,-26.349,-32.883,1
1062,-26.411,-33.073,1
1063,-26.369,-32.545,1
1064,-25.886,-32.827,1
1065,-26.628,-32.851,1
1066,-26.504,-32.807,1
1067,-26.662,-32.979,1
1068,-26.013,-32.683,1
1069,-26.612,-32.533,1
1070,-26.029,-32.763,1
1071,-26.516,-32.884,1
1072,-26.635,-32.966,1
1073,-26.339,-32.52,1
1074,-26.428,-33.085,1
1075,-26.514,-33.076,1
1076,-25.769,-33.061,1
1077,-26.285,-32.894,1
1078,-26.324,-32.679,1
1079,-26.139,-32.601,1
1080,-26.444,-32.606,1
1081,-26.545,-32.394,1
1082,-25.782,-32.849,1
1083,-26.266,-32.74,1
1084,-26.632,-32.691,1
1085,-26.718,-32.336,1
1086,-26.425,-32.601,1
1087,-26.164,-32.669,1
1088,-26.409,-32.588,1
1089,-26.251,-32.492,1
1090,-26.1,-32.426,1
1091,-26.578,-32.652,1
1092,-26.547,-32.598,1
1093,-25.944,-32.614,1
1094,-25.734,-32.431,1
1095,-26.269,-32.971,1
1096,-26.758,-32.624,1
1097,-26.546,-32.518,1
1098,-26.204,-32.341,1
1099,-26.233,-32.928,1
1100,-25.914,-32.637,1
1101,-26.432,-32.921,1
1102,-26.592,-32.713,1
1103,-25.994,-32.696,1
1104,-26.363,-32.832,1
1105,-26.179,-32.929,1
1106,-26.439,-32.4,1
1107,-26.43,-32.203,1
1108,-26.334,-32.856,1
1109,-26.499,-32.481,1
1110,-26.297,-31.905,1
1111,-26.296,-32.597,1
1112,-26.216,-32.358,1
1113,-26.176,-33.047,1
1114,-26.275,-32.624,1
1115,-26.597,-32.583,1
1116,-26.755,-32.574,1
1117,-26.41,-32.347,1
1118,-26.376,-32.686,1
1119,-26.376,-32.686,1
1120,-25.966,-32.051,1
1121,-26.029,-32.051,1
1122,-26.103,-32.102,1
1123,-26.173,-32.586,1
1124,-26.151,-32.425,1
1125,-26.225,-32.657,1
1126,-26.258,-32.682,1
1127,-25.995,-32.844,1
1128,-26.354,-31.042,1
1129,-26.129,-31.66,1
1130,-26.245,-31.881,1
1131,-26.419,-31.349,1
1132,-26.369,-31.894,1
1133,-26.369,-30.685,1
1134,-25.927,-30.685,1
1135,-26.222,-32.283,1
1136,-26.045,-32.233,1
1137,-25.731,-32.155,1
1138,-26.257,-32.347,1
1139,-25.841,-31.98,1
1140,-26.164,-32.795,1
1141,-26.403,-32.893,1
1142,-26.63,-32.398,1
1143,-26.411,-32.458,1
1144,-26.209,-32.871,1
1145,-26.418,-32.871,1
1146,-26.261,-32.696,1
1147,-26.545,-32.531,1
1148,-26.442,-32.3,1
1149,-26.456,-32.513,1
1150,-26.029,-32.872,1
1151,-26.029,-32.576,1
1152,-26.139,-32.298,1
1153,-26.631,-32.686,1
1154,-26.241,-32.538,1
1155,-25.985,-32.492,1
1156,-26.658,-32.607,1
1157,-26.251,-32.492,1
1158,-26.389,-32.669,1
1159,-26.373,-32.809,1
1160,-26.262,-32.616,1
1161,-26.543,-32.598,1
1162,-25.946,-32.671,1
1163,-26.353,-32.677,1
1164,-26.329,-32.483,1
1165,-26.058,-32.848,1
1166,-26.113,-32.679,1
1167,-26.037,-32.953,1
1168,-25.868,-33.047,1
1169,-25.993,-32.814,1
1170,-25.862,-32.781,1
1171,-26.156,-32.794,1
1172,-26.029,-33.02,1
1173,-25.926,-32.877,1
1174,-25.958,-32.864,1
1175,-25.894,-32.686,1
1176,-26.124,-32.7,1
1177,-26.001,-32.975,1
1178,-26.126,-32.91,1
1179,-25.979,-32.729,1
1180,-25.951,-32.943,1
1181,-25.996,-32.83,1
1182,-26.073,-32.682,1
1183,-25.996,-32.718,1
1184,-26.029,-32.98,1
1185,-26.073,-32.61,1
1186,-26.265,-32.686,1
1187,-26.2,-32.722,1
1188,-26.059,-32.406,1
1189,-26.112,-32.69,1
1190,-26.011,-32.807,1
1191,-26.177,-32.962,1
1192,-26.351,-33.04,1
1193,-26.261,-32.648,1
1194,-25.979,-32.873,1
1195,-25.951,-32.996,1
1196,-25.707,-32.77,1
1197,-25.825,-32.734,1
1198,-26.249,-32.775,1
1199,-25.829,-33.107,1
1200,-26.103,-33.009,1
1201,-26.126,-32.709,1
1202,-26.509,-32.789,1
1203,-26.435,-32.763,1
1204,-26.547,-32.879,1
1205,-26.222,-32.657,1
1206,-26.271,-32.904,1
1207,-26.046,-32.783,1
1208,-26.198,-32.725,1
1209,-26.13,-32.864,1
1210,-26.035,-32.412,1
1211,-25.855,-32.836,1
1212,-25.943,-32.586,1
1213,-26.54,-32.288,1
1214,-26.027,-32.199,1
1215,-26.027,-32.507,1
1216,-26.204,-32.507,1
1217,-26.027,-32.199,1
1218,-26.004,-32.447,1
1219,-26.004,-32.002,1
1220,-26.452,-32.658,1
1221,-26.139,-32.658,1
1222,-26.135,-32.377,1
1223,-25.89,-32.377,1
1224,-26.484,-32.31,1
1225,-25.642,-32.844,1
1226,-26.478,-32.651,1
1227,-26.446,-32.399,1
1228,-26.34,-32.416,1
1229,-26.396,-32.416,1
1230,-26.341,-32.909,1
1231,-26.101,-32.762,1
1232,-26.202,-32.762,1
1233,-26.016,-32.38,1
1234,-26.013,-32.844,1
1235,-26.492,-32.393,1
1236,-26.242,-32.775,1
1237,-25.756,-32.973,1
1238,-25.903,-32.728,1
1239,-25.723,-32.861,1
1240,-26.165,-32.685,1
1241,-26.084,-33.017,1
1242,-25.898,-32.759,1
1243,-26.328,-32.858,1
1244,-26.246,-32.582,1
1245,-26.314,-32.801,1
1246,-26.323,-33.129,1
1247,-26.237,-32.874,1
1248,-26.224,-32.901,1
1249,-25.77,-32.37,1
1250,-26.075,-32.667,1
1251,-26.482,-32.255,1
1252,-26.508,-32.52,1
1253,-25.789,-32.36,1
1254,-25.983,-32.689,1
1255,-26.257,-32.823,1
1256,-26.292,-32.909,1
1257,-26.341,-32.305,1
1258,-26.34,-32.305,1
1259,-25.983,-32.757,1
1260,-26.446,-32.399,1
1261,-26.202,-32.956,1
1262,-26.341,-32.305,1
1263,-26.492,-32.852,1
1264,-26.101,-32.762,1
1265,-26.293,-32.31,1
1266,-26.389,-32.852,1
1267,-26.075,-32.525,1
1268,-26.456,-32.255,1
1269,-26.482,-32.36,1
1270,-26.192,-32.487,1
1271,-26.205,-32.821,1
1272,-26.412,-32.778,1
1273,-26.158,-32.742,1
1274,-25.789,-32.349,1
1275,-25.834,-32.622,1
1276,-26.241,-32.695,1
1277,-26.241,-32.695,1
1278,-25.945,-32.622,1
1279,-25.881,-32.821,1
1280,-25.963,-32.577,1
1281,-26.013,-32.898,1
1282,-26.013,-32.485,1
1283,-26.135,-32.12,1
1284,-25.922,-32.586,1
1285,-26.016,-32.38,1
1286,-26.415,-32.586,1
1287,-26.415,-32.893,1
1288,-25.799,-32.853,1
1289,-25.922,-32.898,1
1290,-26.02,-32.853,1
1291,-25.95,-32.393,1
1292,-25.95,-32.302,1
1293,-26.118,-32.649,1
1294,-26.118,-32.577,1
1295,-26.118,-32.821,1
1296,-26.118,-32.649,1
1297,-25.903,-32.918,1
1298,-25.764,-32.821,1
1299,-25.883,-32.45,1
1300,-32.471,-27.025,0
1301,-32.471,-27.025,0
1302,-32.415,-27.273,0
1303,-32.415,-27.273,0
1304,-31.473,-27.109,0
1305,-31.473,-27.109,0
1306,-31.79,-27.313,0
1307,-31.79,-27.313,0
1308,-32.455,-27.202,0
1309,-32.455,-27.202,0
1310,-32.42,-27.011,0
1311,-32.42,-27.011,0
1312,-32.407,-26.909,0
1313,-32.407,-26.909,0
1314,-31.734,-26.788,0
1315,-31.734,-26.788,0
1316,-32.498,-27.339,0
1317,-32.498,-27.339,0
1318,-32.327,-26.733,0
1319,-32.327,-26.733,0
1320,-32.015,-27.165,0
1321,-32.015,-27.165,0
1322,-31.719,-27.257,0
1323,-32.619,-26.88,0
1324,-32.523,-27.422,0
1325,-32.523,-27.422,0
1326,-32.463,-27.425,0
1327,-32.463,-27.425,0
1328,-32.577,-27.531,0
1329,-32.577,-27.531,0
1330,-32.762,-27.055,0
1331,-32.762,-27.055,0
1332,-32.231,-26.69,0
1333,-32.231,-26.69,0
1334,-32.455,-27.299,0
1335,-32.42,-27.299,0
1336,-32.42,-27.299,0
1337,-32.407,-26.993,0
1338,-32.407,-26.909,0
1339,-32.407,-26.909,0
1340,-31.734,-26.788,0
1341,-32.407,-26.909,0
1342,-31.734,-26.788,0
1343,-31.734,-26.788,0
1344,-31.734,-26.788,0
1345,-32.498,-27.339,0
1346,-32.498,-27.339,0
1347,-32.498,-27.339,0
1348,-32.327,-26.733,0
1349,-32.327,-26.733,0
1350,-32.327,-26.733,0
1351,-32.327,-27.165,0
1352,-32.015,-27.165,0
1353,-32.015,-27.165,0
1354,-31.719,-27.257,0
1355,-31.719,-27.257,0
1356,-32.619,-26.88,0
1357,-32.619,-26.88,0
1358,-31.719,-27.257,0
1359,-32.015,-27.165,0
1360,-32.523,-27.422,0
1361,-32.523,-27.422,0
1362,-32.463,-27.425,0
1363,-32.463,-27.425,0
1364,-32.463,-27.425,0
1365,-32.577,-27.531,0
1366,-32.577,-27.531,0
1367,-32.762,-27.055,0
1368,-32.762,-27.055,0
1369,-32.762,-27.055,0
1370,-32.762,-27.055,0
1371,-32.231,-26.69,0
1372,-32.231,-26.69,0
1373,-32.231,-26.69,0
1374,-32.231,-26.69,0
1375,-32.485,-27.299,0
1376,-32.485,-27.299,0
1377,-32.485,-27.299,0
1378,-32.485,-27.299,0
1379,-32.303,-26.993,0
1380,-32.303,-26.993,0
1381,-32.303,-26.993,0
1382,-32.303,-26.993,0
1383,-32.303,-26.993,0
1384,-32.303,-26.993,0
1385,-32.303,-26.993,0
1386,-32.303,-26.993,0
1387,-31.6,-26.784,0
1388,-31.6,-26.784,0
1389,-31.6,-26.784,0
1390,-31.6,-26.784,0
1391,-31.6,-26.784,0
1392,-31.658,-27.197,0
1393,-31.658,-27.197,0
1394,-31.658,-27.197,0
1395,-31.658,-27.197,0
1396,-32.462,-27.335,0
1397,-32.462,-27.335,0
1398,-32.462,-27.335,0
1399,-32.462,-27.335,0
1400,-32.462,-27.222,0
1401,-31.753,-27.222,0
1402,-31.753,-27.222,0
1403,-31.753,-27.222,0
1404,-31.753,-27.222,0
1405,-32.39,-27.278,0
1406,-32.39,-27.278,0
1407,-32.39,-27.278,0
1408,-31.719,-27.278,0
1409,-32.619,-27.209,0
1410,-32.619,-27.209,0
1411,-32.619,-27.209,0
1412,-32.523,-27.422,0
1413,-32.523,-27.422,0
1414,-32.523,-27.422,0
1415,-32.463,-27.425,0
1416,-32.463,-27.425,0
1417,-32.463,-27.425,0
1418,-32.577,-27.531,0
1419,-32.577,-27.531,0
1420,-32.577,-27.531,0
1421,-32.762,-27.055,0
1422,-32.762,-27.055,0
1423,-32.762,-27.055,0
1424,-32.762,-27.055,0
1425,-32.762,-27.055,0
1426,-32.762,-27.055,0
1427,-32.231,-26.69,0
1428,-32.231,-26.69,0
1429,-32.231,-26.69,0
1430,-32.231,-26.69,0
1431,-32.231,-26.69,0
1432,-32.231,-26.69,0
1433,-32.485,-27.299,0
1434,-32.485,-27.299,0
1435,-32.485,-27.299,0
1436,-32.485,-27.299,0
1437,-32.485,-27.299,0
1438,-32.303,-26.993,0
1439,-32.303,-26.993,0
1440,-32.303,-26.993,0
1441,-32.303,-26.993,0
1442,-32.303,-26.993,0
1443,-31.6,-26.784,0
1444,-31.6,-26.784,0
1445,-31.6,-26.784,0
1446,-31.6,-26.784,0
1447,-31.6,-26.784,0
1448,-31.658,-27.197,0
1449,-31.658,-27.197,0
1450,-31.658,-27.197,0
1451,-31.658,-27.197,0
1452,-32.462,-27.335,0
1453,-32.462,-27.335,0
1454,-32.462,-27.335,0
1455,-32.462,-27.335,0
1456,-31.753,-27.222,0
1457,-31.753,-27.222,0
1458,-31.753,-27.222,0
1459,-32.39,-27.278,0
1460,-32.39,-27.278,0
1461,-31.848,-27.209,0
1462,-31.848,-27.209,0
1463,-31.848,-27.209,0
1464,-31.848,-27.209,0
1465,-31.848,-27.209,0
1466,-32.39,-27.278,0
1467,-31.848,-27.209,0
1468,-32.39,-27.278,0
1469,-31.753,-27.222,0
1470,-31.753,-27.222,0
1471,-31.753,-27.222,0
1472,-31.753,-27.222,0
1473,-31.753,-27.222,0
1474,-31.753,-27.222,0
1475,-32.462,-27.335,0
1476,-31.753,-27.222,0
1477,-32.462,-27.335,0
1478,-32.462,-27.335,0
1479,-32.462,-27.335,0
1480,-32.462,-27.335,0
1481,-32.462,-27.335,0
1482,-31.658,-27.197,0
1483,-31.658,-27.197,0
1484,-31.658,-27.197,0
1485,-31.658,-27.197,0
1486,-32.498,-27.339,0
1487,-31.658,-27.197,0
1488,-31.6,-26.784,0
1489,-31.6,-26.784,0
1490,-31.6,-26.784,0
1491,-31.6,-26.784,0
1492,-31.6,-26.784,0
1493,-31.6,-26.784,0
1494,-31.6,-26.784,0
1495,-32.303,-26.993,0
1496,-32.303,-26.993,0
1497,-32.303,-26.993,0
1498,-32.303,-26.993,0
1499,-32.303,-26.993,0
1500,-32.303,-26.993,0
1501,-32.303,-26.993,0
1502,-32.303,-26.993,0
1503,-32.485,-27.299,0
1504,-32.485,-27.299,0
1505,-32.485,-27.299,0
1506,-32.485,-27.299,0
1507,-32.485,-27.299,0
1508,-32.485,-27.299,0
1509,-32.485,-27.299,0
1510,-32.231,-26.69,0
1511,-32.231,-26.69,0
1512,-32.231,-26.69,0
1513,-32.231,-26.69,0
1514,-32.231,-26.69,0
1515,-32.231,-27.66,0
1516,-32.231,-27.66,0
1517,-32.231,-27.66,0
1518,-32.762,-26.896,0
1519,-32.762,-26.896,0
1520,-32.762,-26.896,0
1521,-32.762,-26.896,0
1522,-32.762,-26.896,0
1523,-32.762,-26.896,0
1524,-32.577,-27.071,0
1525,-32.577,-27.071,0
1526,-32.577,-27.071,0
1527,-32.577,-27.071,0
1528,-32.577,-27.071,0
1529,-32.463,-27.451,0
1530,-32.463,-27.425,0
1531,-32.463,-27.425,0
1532,-32.463,-27.425,0
1533,-32.463,-27.425,0
1534,-32.463,-27.451,0
1535,-32.523,-27.213,0
1536,-32.523,-27.422,0
1537,-32.523,-27.422,0
1538,-32.523,-27.422,0
1539,-32.523,-27.422,0
1540,-32.74,-27.213,0
1541,-32.523,-27.422,0
1542,-32.74,-27.176,0
1543,-32.74,-27.213,0
1544,-32.465,-27.213,0
1545,-32.465,-27.213,0
1546,-32.465,-27.213,0
1547,-32.523,-27.213,0
1548,-32.523,-27.213,0
1549,-32.523,-27.213,0
1550,-32.523,-27.213,0
1551,-32.523,-27.213,0
1552,-32.523,-27.213,0
1553,-32.523,-27.213,0
1554,-32.523,-27.213,0
1555,-32.463,-27.451,0
1556,-32.465,-27.213,0
1557,-32.463,-27.451,0
1558,-32.463,-27.451,0
1559,-32.463,-27.451,0
1560,-32.463,-27.451,0
1561,-32.463,-27.451,0
1562,-32.463,-27.451,0
1563,-32.463,-27.451,0
1564,-32.463,-27.451,0
1565,-32.463,-27.451,0
1566,-32.463,-27.451,0
1567,-32.37,-27.451,0
1568,-32.37,-27.451,0
1569,-32.37,-27.071,0
1570,-31.966,-27.071,0
1571,-31.966,-27.071,0
1572,-31.966,-27.071,0
1573,-31.966,-27.071,0
1574,-31.966,-27.071,0
1575,-31.966,-27.071,0
1576,-31.966,-27.071,0
1577,-31.966,-27.071,0
1578,-31.966,-27.071,0
1579,-31.966,-27.071,0
1580,-31.966,-27.071,0
1581,-31.966,-27.071,0
1582,-32.263,-26.896,0
1583,-32.263,-26.896,0
1584,-32.263,-26.896,0
1585,-32.263,-26.896,0
1586,-32.263,-26.896,0
1587,-32.263,-26.896,0
1588,-32.263,-26.896,0
1589,-32.263,-26.896,0
1590,-32.263,-26.896,0
1591,-32.263,-26.896,0
1592,-32.263,-26.896,0
1593,-32.263,-26.896,0
1594,-32.263,-26.896,0
1595,-31.978,-27.66,0
1596,-31.978,-27.66,0
1597,-31.978,-27.66,0
1598,-31.978,-27.66,0
1599,-31.978,-27.66,0
1600,-31.978,-27.66,0
1601,-31.978,-27.66,0
1602,-31.978,-27.66,0
1603,-31.978,-27.66,0
1604,-31.978,-27.66,0
1605,-31.978,-27.66,0
1606,-32.231,-27.66,0
1607,-32.231,-27.66,0
1608,-31.978,-27.66,0
1609,-31.978,-27.66,0
1610,-32.099,-27.179,0
1611,-32.099,-27.179,0
1612,-32.099,-27.179,0
1613,-32.099,-27.179,0
1614,-32.485,-27.179,0
1615,-32.485,-27.179,0
1616,-32.485,-27.179,0
1617,-32.485,-27.179,0
1618,-32.485,-27.179,0
1619,-32.485,-27.179,0
1620,-32.485,-27.179,0
1621,-32.485,-27.179,0
1622,-32.485,-27.179,0
1623,-32.485,-27.179,0
1624,-32.485,-27.179,0
1625,-32.485,-27.179,0
1626,-32.485,-27.179,0
1627,-32.485,-27.179,0
1628,-32.485,-27.179,0
1629,-32.303,-27.348,0
1630,-32.303,-27.348,0
1631,-32.303,-27.348,0
1632,-32.303,-27.348,0
1633,-32.303,-27.348,0
1634,-32.303,-27.348,0
1635,-32.303,-27.348,0
1636,-32.303,-27.348,0
1637,-32.303,-27.348,0
1638,-32.303,-27.348,0
1639,-31.6,-27.413,0
1640,-31.6,-27.413,0
1641,-31.6,-27.413,0
1642,-31.6,-27.413,0
1643,-31.6,-27.413,0
1644,-31.6,-27.413,0
1645,-31.6,-27.413,0
1646,-31.6,-27.413,0
1647,-31.6,-27.413,0
1648,-31.6,-27.413,0
1649,-31.6,-27.413,0
1650,-31.6,-27.413,0
1651,-31.658,-26.484,0
1652,-31.658,-26.484,0
1653,-32.099,-27.176,0
1654,-32.099,-27.176,0
1655,-32.465,-27.213,0
1656,-32.465,-27.213,0
1657,-32.465,-27.213,0
1658,-32.465,-27.213,0
1659,-32.465,-27.213,0
1660,-32.465,-27.213,0
1661,-32.465,-27.213,0
1662,-32.465,-27.213,0
1663,-32.465,-27.213,0
1664,-32.465,-27.213,0
1665,-32.465,-27.213,0
1666,-32.099,-27.176,0
1667,-32.099,-27.176,0
1668,-32.099,-27.176,0
1669,-32.099,-27.176,0
1670,-32.099,-27.176,0
1671,-32.099,-27.176,0
1672,-32.099,-27.176,0
1673,-32.465,-27.213,0
1674,-32.465,-27.213,0
1675,-32.465,-27.213,0
1676,-32.465,-27.213,0
1677,-32.465,-27.213,0
1678,-32.465,-27.213,0
1679,-32.465,-27.451,0
1680,-32.37,-27.451,0
1681,-32.37,-27.451,0
1682,-32.37,-27.451,0
1683,-32.37,-27.451,0
1684,-32.37,-27.451,0
1685,-32.37,-27.451,0
1686,-32.37,-27.451,0
1687,-32.37,-27.451,0
1688,-32.37,-27.451,0
1689,-32.099,-27.176,0
1690,-32.099,-27.176,0
1691,-32.958,-27.342,0
1692,-32.958,-27.342,0
1693,-32.958,-27.342,0
1694,-32.694,-27.199,0
1695,-32.694,-27.199,0
1696,-32.694,-27.199,0
1697,-32.3,-27.164,0
1698,-32.3,-27.164,0
1699,-32.3,-27.281,0
1700,-32.737,-27.281,0
1701,-32.519,-27.487,0
1702,-32.519,-27.487,0
1703,-32.802,-27.044,0
1704,-32.834,-27.383,0
1705,-32.471,-27.221,0
1706,-32.471,-27.239,0
1707,-32.909,-27.243,0
1708,-32.925,-27.601,0
1709,-32.925,-27.601,0
1710,-32.914,-27.452,0
1711,-32.841,-27.241,0
1712,-32.677,-27.486,0
1713,-32.627,-27.452,0
1714,-32.348,-27.136,0
1715,-32.559,-27.461,0
1716,-32.552,-27.199,0
1717,-32.644,-27.199,0
1718,-32.967,-27.54,0
1719,-32.419,-27.121,0
1720,-32.755,-27.121,0
1721,-32.944,-27.246,0
1722,-32.836,-26.97,0
1723,-32.836,-27.182,0
1724,-33.006,-27.09,0
1725,-32.543,-27.09,0
1726,-32.543,-26.768,0
1727,-32.752,-26.816,0
1728,-32.486,-27.085,0
1729,-32.626,-27.479,0
1730,-33.027,-27.402,0
1731,-32.626,-27.414,0
1732,-32.68,-27.414,0
1733,-32.68,-27.025,0
1734,-32.832,-27.025,0
1735,-32.832,-27.025,0
1736,-32.625,-27.001,0
1737,-32.775,-27.215,0
1738,-32.8,-27.161,0
1739,-32.8,-26.62,0
1740,-32.63,-26.62,0
1741,-32.664,-26.819,0
1742,-32.619,-27.132,0
1743,-32.535,-26.823,0
1744,-32.72,-26.675,0
1745,-32.798,-27.118,0
1746,-32.84,-27.175,0
1747,-32.671,-27.573,0
1748,-32.635,-26.855,0
1749,-32.735,-26.897,0
1750,-32.616,-27.096,0
1751,-32.243,-27.284,0
1752,-32.789,-26.908,0
1753,-32.297,-27.029,0
1754,-31.944,-27.6,0
1755,-32.452,-27.017,0
1756,-31.879,-27.05,0
1757,-32.602,-27.477,0
1758,-32.289,-27.158,0
1759,-32.543,-27.094,0
1760,-32.298,-26.98,0
1761,-32.298,-27.026,0
1762,-32.652,-26.898,0
1763,-31.927,-26.872,0
1764,-32.232,-26.578,0
1765,-32.694,-27.044,0
1766,-32.434,-27.117,0
1767,-32.985,-27.3,0
1768,-33.041,-27.342,0
1769,-32.946,-27.376,0
1770,-31.633,-27.256,0
1771,-31.282,-26.981,0
1772,-31.267,-26.537,0
1773,-31.95,-27.103,0
1774,-31.975,-27.035,0
1775,-31.975,-27.035,0
1776,-32.443,-27.44,0
1777,-32.664,-26.679,0
1778,-32.478,-27.066,0
1779,-32.338,-27.316,0
1780,-32.678,-27.066,0
1781,-32.156,-27.17,0
1782,-32.737,-26.924,0
1783,-33.233,-27.215,0
1784,-32.407,-26.897,0
1785,-32.777,-27.275,0
1786,-31.844,-27.431,0
1787,-32.395,-27.233,0
1788,-32.941,-27.383,0
1789,-32.785,-27.07,0
1790,-32.734,-27.531,0
1791,-32.734,-27.229,0
1792,-32.59,-27.229,0
1793,-33.088,-27.504,0
1794,-33.088,-27.739,0
1795,-33.193,-27.431,0
1796,-32.76,-27.431,0
1797,-32.76,-27.016,0
1798,-32.703,-27.19,0
1799,-33.27,-27.008,0
1800,-32.78,-27.19,0
1801,-33.27,-27.203,0
1802,-32.893,-27.123,0
1803,-33.077,-26.51,0
1804,-33.077,-27.015,0
1805,-33.077,-27.015,0
1806,-32.7,-27.015,0
1807,-32.7,-26.908,0
1808,-32.882,-27.548,0
1809,-33.115,-27.548,0
1810,-33.134,-27.154,0
1811,-33.134,-27.203,0
1812,-33.079,-27.38,0
1813,-32.859,-27.121,0
1814,-33.07,-27.121,0
1815,-32.829,-26.625,0
1816,-32.7,-26.732,0
1817,-32.847,-26.883,0
1818,-32.829,-26.766,0
1819,-32.952,-27.129,0
1820,-32.796,-27.121,0
1821,-33.066,-26.94,0
1822,-32.825,-26.874,0
1823,-33.01,-26.874,0
1824,-32.872,-26.706,0
1825,-32.626,-26.945,0
1826,-32.903,-26.71,0
1827,-33.01,-27.299,0
1828,-32.998,-26.932,0
1829,-32.825,-26.715,0
1830,-32.775,-27.639,0
1831,-33.033,-27.145,0
1832,-32.837,-27.129,0
1833,-32.393,-27.129,0
1834,-32.774,-27.233,0
1835,-33.05,-27.233,0
1836,-32.963,-27.145,0
1837,-32.39,-27.278,0
1838,-31.848,-27.209,0
1839,-31.848,-27.209,0
1840,-32.443,-27.44,0
1841,-32.443,-27.44,0
1842,-31.337,-27.411,0
1843,-31.752,-27.141,0
1844,-31.993,-27.294,0
1845,-31.993,-27.294,0
1846,-32.619,-26.88,0
1847,-32.619,-26.88,0
1848,-32.619,-26.88,0
1849,-32.619,-26.88,0
1850,-32.619,-26.88,0
1851,-32.39,-27.278,0
1852,-32.443,-27.44,0
1853,-32.443,-27.44,0
1854,-32.443,-27.44,0
1855,-32.443,-27.44,0
1856,-32.443,-27.44,0
1857,-32.443,-27.44,0
1858,-32.443,-27.44,0
1859,-32.443,-27.44,0
1860,-32.619,-26.88,0
1861,-31.993,-27.294,0
1862,-31.993,-27.294,0
1863,-31.993,-27.294,0
1864,-31.975,-27.035,0
1865,-31.975,-27.035,0
1866,-31.993,-27.035,0
1867,-31.993,-27.294,0
1868,-32.443,-27.44,0
1869,-32.443,-27.44,0
1870,-32.443,-27.44,0
1871,-32.443,-27.44,0
1872,-31.337,-27.411,0
1873,-31.337,-27.411,0
1874,-31.337,-27.411,0
1875,-31.975,-27.035,0
1876,-31.975,-27.035,0
1877,-31.975,-27.035,0
1878,-31.975,-27.035,0
1879,-31.975,-27.411,0
1880,-31.337,-27.411,0
1881,-31.337,-27.411,0
1882,-31.337,-27.411,0
1883,-31.337,-27.411,0
1884,-31.337,-27.411,0
1885,-31.337,-27.411,0
1886,-31.337,-27.411,0
1887,-32.522,-27.126,0
1888,-32.522,-27.126,0
1889,-32.522,-27.126,0
1890,-32.522,-27.126,0
1891,-31.752,-27.141,0
1892,-32.522,-27.126,0
1893,-32.522,-27.126,0
1894,-31.337,-27.411,0
1895,-32.522,-27.126,0
1896,-32.522,-27.126,0
1897,-32.522,-27.126,0
1898,-31.752,-27.141,0
1899,-31.752,-27.141,0
1900,-31.752,-27.141,0
1901,-31.752,-27.141,0
1902,-31.752,-27.141,0
1903,-32.522,-27.126,0
1904,-32.522,-27.126,0
1905,-32.522,-27.126,0
1906,-31.337,-27.126,0
1907,-31.337,-27.411,0
1908,-31.337,-27.411,0
1909,-32.522,-27.126,0
1910,-31.95,-27.126,0
1911,-31.95,-27.126,0
1912,-31.95,-27.126,0
1913,-31.95,-27.126,0
1914,-31.95,-27.126,0
1915,-31.267,-27.141,0
1916,-31.752,-27.141,0
1917,-31.267,-27.141,0
1918,-31.267,-27.141,0
1919,-31.267,-27.141,0
1920,-31.267,-27.141,0
1921,-31.267,-27.141,0
1922,-31.267,-26.537,0
1923,-31.267,-26.537,0
1924,-31.95,-27.103,0
1925,-31.95,-27.103,0
1926,-31.95,-27.103,0
1927,-31.95,-27.103,0
1928,-31.95,-27.103,0
1929,-31.975,-27.035,0
1930,-31.975,-27.035,0
1931,-31.975,-27.035,0
1932,-32.479,-27.19,0
1933,-32.332,-27.194,0
1934,-32.507,-27.174,0
1935,-32.411,-26.946,0
1936,-32.53,-26.964,0
1937,-32.822,-27.557,0
1938,-32.851,-27.261,0
1939,-32.78,-27.193,0
1940,-32.803,-27.101,0
1941,-32.514,-27.605,0
1942,-32.641,-26.809,0
1943,-32.721,-26.976,0
1944,-32.736,-27.219,0
1945,-32.736,-27.057,0
1946,-32.669,-26.646,0
1947,-32.92,-27.162,0
1948,-32.978,-27.059,0
1949,-32.963,-27.125,0
1950,-32.777,-27.02,0
1951,-32.728,-27.194,0
1952,-32.809,-27.192,0
1953,-32.71,-26.893,0
1954,-32.754,-27.244,0
1955,-32.5,-27.135,0
1956,-32.752,-27.13,0
1957,-32.915,-26.874,0
1958,-32.232,-27.028,0
1959,-32.824,-27.637,0
1960,-32.961,-27.464,0
1961,-32.277,-27.62,0
1962,-32.726,-27.227,0
1963,-32.758,-27.781,0
1964,-33.017,-27.322,0
1965,-32.34,-27.519,0
1966,-32.832,-27.273,0
1967,-32.685,-27.036,0
1968,-32.365,-27.083,0
1969,-32.451,-26.926,0
1970,-33.017,-27.161,0
1971,-32.281,-27.242,0
1972,-31.955,-27.053,0
1973,-32.78,-27.178,0
1974,-32.569,-26.958,0
1975,-32.834,-26.93,0
1976,-32.753,-27.221,0
1977,-32.987,-27.71,0
1978,-32.316,-27.318,0
1979,-32.833,-26.787,0
1980,-32.567,-27.119,0
1981,-32.953,-27.417,0
1982,-32.471,-27.167,0
1983,-32.931,-27.179,0
1984,-32.793,-27.179,0
1985,-32.616,-27.093,0
1986,-32.524,-27.311,0
1987,-32.387,-27.747,0
1988,-32.403,-27.297,0
1989,-32.807,-27.259,0
1990,-33.13,-27.481,0
1991,-32.906,-27.066,0
1992,-32.673,-27.034,0
1993,-32.995,-27.48,0
1994,-32.69,-27.165,0
1995,-32.601,-27.282,0
1996,-32.487,-27.353,0
1997,-32.3,-27.276,0
1998,-32.748,-27.209,0
1999,-32.735,-26.983,0
2000,-32.863,-27.046,0
2001,-32.933,-26.987,0
2002,-32.931,-27.202,0
2003,-32.797,-27.287,0
2004,-32.685,-27.332,0
2005,-32.733,-27.01,0
2006,-32.806,-27.038,0
2007,-33.069,-27.3,0
2008,-32.747,-27.0,0
2009,-32.727,-27.105,0
2010,-32.704,-27.068,0
2011,-32.754,-27.328,0
2012,-32.791,-27.162,0
2013,-32.791,-26.789,0
2014,-33.047,-27.363,0
2015,-32.904,-27.314,0
2016,-33.245,-27.462,0
2017,-32.721,-26.921,0
2018,-32.727,-26.998,0
2019,-32.835,-27.267,0
2020,-33.083,-26.845,0
2021,-32.69,-27.326,0
2022,-32.713,-27.028,0
2023,-33.032,-26.911,0
2024,-32.547,-27.198,0
2025,-32.938,-27.18,0
2026,-32.759,-26.629,0
2027,-32.707,-26.724,0
2028,-32.769,-27.129,0
2029,-32.79,-26.629,0
2030,-33.068,-26.911,0
2031,-32.573,-27.3,0
2032,-32.82,-27.142,0
2033,-32.752,-26.67,0
2034,-32.516,-27.286,0
2035,-32.844,-27.376,0
2036,-32.817,-26.974,0
2037,-32.909,-27.037,0
2038,-32.555,-27.107,0
2039,-32.885,-26.868,0
2040,-32.85,-26.971,0
2041,-32.436,-27.026,0
2042,-32.572,-26.939,0
2043,-32.424,-27.081,0
2044,-32.742,-27.135,0
2045,-32.779,-26.699,0
2046,-33.208,-26.918,0
2047,-32.865,-27.018,0
2048,-32.94,-26.902,0
2049,-32.844,-27.194,0
2050,-32.762,-26.901,0
2051,-32.83,-27.52,0
2052,-33.055,-26.931,0
2053,-32.857,-26.965,0
2054,-32.976,-26.864,0
2055,-32.668,-27.075,0
2056,-32.749,-27.001,0
2057,-32.927,-26.983,0
2058,-32.673,-26.839,0
2059,-32.578,-27.001,0
2060,-32.806,-27.273,0
2061,-32.611,-27.073,0
2062,-32.822,-27.142,0
2063,-32.758,-27.086,0
2064,-32.893,-26.656,0
2065,-32.648,-26.946,0
2066,-32.707,-26.756,0
2067,-32.951,-26.967,0
2068,-32.726,-26.78,0
2069,-33.227,-27.368,0
2070,-32.775,-27.144,0
2071,-32.535,-27.445,0
2072,-32.536,-26.939,0
2073,-32.756,-26.961,0
2074,-32.863,-27.117,0
2075,-32.916,-27.427,0
2076,-32.847,-27.018,0
2077,-32.871,-26.997,0
2078,-32.376,-27.296,0
2079,-32.619,-27.279,0
2080,-32.918,-27.194,0
2081,-32.728,-27.271,0
2082,-32.956,-27.075,0
2083,-32.905,-27.008,0
2084,-32.609,-27.134,0
2085,-33.306,-27.158,0
2086,-33.073,-27.146,0
2087,-32.874,-27.026,0
2088,-32.781,-26.963,0
2089,-32.534,-27.225,0
2090,-32.567,-27.077,0
2091,-32.512,-27.3,0
2092,-32.481,-27.095,0
2093,-32.997,-27.525,0
2094,-32.638,-27.1,0
2095,-32.907,-26.837,0
2096,-32.742,-27.165,0
2097,-33.249,-27.315,0
2098,-32.768,-27.17,0
2099,-32.545,-27.259,0
2100,-32.819,-27.197,0
2101,-32.699,-27.31,0
2102,-32.834,-26.526,0
2103,-32.53,-27.534,0
2104,-32.632,-27.288,0
2105,-32.592,-27.274,0
2106,-32.516,-27.158,0
2107,-32.501,-26.946,0
2108,-32.638,-27.394,0
2109,-32.392,-27.377,0
2110,-32.36,-27.153,0
2111,-32.222,-27.092,0
2112,-32.607,-27.3,0
2113,-32.474,-26.92,0
2114,-32.444,-27.132,0
2115,-32.64,-26.99,0
2116,-32.484,-26.893,0
2117,-32.866,-27.111,0
2118,-32.685,-27.21,0
2119,-32.397,-27.111,0
2120,-32.135,-26.927,0
2121,-32.66,-27.247,0
2122,-32.445,-26.578,0
2123,-32.85,-26.767,0
2124,-32.431,-27.316,0
2125,-32.484,-26.946,0
2126,-32.674,-26.913,0
2127,-32.244,-27.478,0
2128,-32.135,-26.927,0
2129,-32.135,-26.97,0
2130,-32.659,-27.44,0
2131,-32.659,-27.44,0
2132,-32.287,-27.492,0
2133,-33.05,-27.389,0
2134,-32.985,-27.112,0
2135,-32.135,-26.97,0
2136,-32.135,-26.97,0
2137,-32.721,-27.247,0
2138,-32.694,-27.044,0
2139,-32.562,-26.991,0
2140,-32.198,-27.085,0
2141,-32.36,-27.762,0
2142,-32.222,-27.45,0
2143,-32.36,-27.347,0
2144,-32.364,-27.092,0
2145,-32.09,-27.3,0
2146,-32.298,-26.892,0
2147,-32.206,-27.041,0
2148,-32.642,-27.074,0
2149,-32.09,-27.055,0
2150,-32.298,-27.16,0
2151,-32.198,-27.094,0
2152,-32.222,-27.45,0
2153,-32.562,-27.017,0
2154,-32.562,-27.158,0
2155,-32.257,-26.934,0
2156,-32.223,-27.496,0
2157,-32.428,-27.165,0
2158,-32.638,-27.38,0
2159,-32.274,-27.047,0
2160,-32.36,-27.199,0
2161,-32.331,-26.775,0
2162,-32.66,-27.285,0
2163,-32.66,-27.101,0
2164,-32.567,-26.791,0
2165,-32.258,-27.286,0
2166,-32.481,-27.0,0
2167,-32.274,-26.882,0
2168,-32.331,-26.775,0
2169,-32.383,-27.029,0
2170,-32.209,-27.0,0
2171,-32.836,-26.92,0
2172,-32.673,-27.075,0
2173,-32.53,-26.802,0
2174,-32.657,-27.224,0
2175,-32.592,-27.167,0
2176,-32.771,-27.264,0
2177,-32.875,-26.828,0
2178,-32.35,-27.104,0
2179,-32.512,-27.005,0
2180,-32.916,-26.946,0
2181,-32.501,-27.116,0
2182,-32.477,-27.38,0
2183,-32.563,-27.163,0
2184,-32.172,-26.861,0
2185,-32.493,-27.064,0
2186,-32.875,-27.345,0
2187,-32.671,-27.113,0
2188,-32.671,-26.864,0
2189,-33.076,-26.929,0
2190,-32.534,-27.223,0
2191,-32.875,-26.978,0
2192,-32.493,-26.978,0
2193,-32.765,-26.985,0
2194,-32.765,-27.228,0
2195,-32.624,-27.182,0
2196,-33.055,-26.734,0
2197,-32.57,-27.151,0
2198,-32.771,-27.08,0
2199,-32.771,-27.264,0
2200,-32.589,-26.817,0
2201,-32.554,-27.077,0
2202,-32.929,-27.239,0
2203,-32.907,-27.034,0
2204,-32.949,-27.23,0
2205,-33.047,-27.235,0
2206,-33.073,-27.172,0
2207,-32.897,-27.07,0
2208,-32.839,-27.239,0
2209,-32.899,-26.895,0
2210,-32.828,-27.276,0
2211,-32.533,-27.226,0
2212,-33.022,-27.044,0
2213,-32.823,-27.074,0
2214,-32.823,-27.074,0
2215,-32.742,-27.032,0
2216,-33.306,-26.895,0
2217,-32.878,-27.165,0
2218,-33.138,-26.77,0
2219,-32.907,-26.951,0
2220,-32.524,-26.959,0
2221,-32.687,-27.1,0
2222,-32.655,-27.214,0
2223,-32.637,-27.092,0
2224,-32.676,-27.038,0
2225,-32.734,-27.367,0
2226,-32.626,-27.221,0
2227,-32.756,-27.221,0
2228,-32.939,-27.511,0
2229,-32.663,-26.859,0
2230,-32.376,-26.859,0
2231,-32.703,-26.865,0
2232,-32.593,-27.096,0
2233,-32.593,-27.031,0
2234,-32.705,-27.166,0
2235,-32.744,-27.317,0
2236,-32.634,-26.804,0
2237,-32.611,-27.286,0
2238,-32.597,-27.249,0
2239,-32.664,-27.073,0
2240,-32.741,-26.956,0
2241,-32.784,-27.271,0
2242,-33.087,-27.162,0
2243,-32.773,-27.041,0
2244,-32.599,-27.27,0
2245,-32.572,-27.323,0
2246,-32.764,-27.323,0
2247,-32.572,-27.323,0
2248,-32.92,-27.197,0
2249,-32.912,-27.086,0
2250,-32.764,-27.03,0
2251,-32.914,-26.968,0
2252,-32.754,-26.773,0
2253,-32.904,-27.28,0
2254,-32.78,-27.247,0
2255,-32.774,-26.962,0
2256,-32.909,-27.249,0
2257,-33.004,-27.112,0
2258,-33.057,-27.293,0
2259,-33.053,-26.962,0
2260,-33.055,-27.097,0
2261,-32.866,-27.086,0
2262,-32.822,-27.219,0
2263,-32.798,-26.967,0
2264,-32.763,-26.806,0
2265,-32.925,-26.866,0
2266,-32.818,-26.966,0
2267,-32.934,-26.562,0
2268,-32.484,-27.247,0
2269,-32.859,-26.866,0
2270,-32.599,-27.045,0
2271,-32.425,-27.116,0
2272,-32.655,-27.302,0
2273,-32.775,-27.106,0
2274,-32.995,-26.976,0
2275,-32.689,-26.61,0
2276,-33.017,-27.064,0
2277,-32.646,-26.835,0
2278,-33.161,-26.916,0
2279,-32.806,-27.04,0
2280,-32.905,-27.404,0
2281,-32.938,-27.14,0
2282,-32.836,-27.062,0
2283,-32.838,-27.228,0
2284,-32.714,-27.368,0
2285,-32.785,-27.13,0
2286,-33.29,-26.828,0
2287,-32.615,-27.299,0
2288,-32.575,-27.154,0
2289,-32.785,-27.189,0
2290,-32.801,-27.232,0
2291,-32.787,-26.646,0
2292,-32.795,-27.0,0
2293,-32.672,-27.113,0
2294,-32.86,-27.124,0
2295,-33.001,-26.964,0
2296,-32.963,-27.296,0
2297,-32.539,-27.354,0
2298,-33.014,-27.282,0
2299,-32.926,-26.921,0
2300,-32.561,-27.123,0
2301,-32.618,-27.258,0
2302,-32.754,-27.045,0
2303,-32.795,-27.436,0
2304,-32.736,-27.163,0
2305,-32.736,-27.101,0
2306,-32.5,-27.094,0
2307,-32.646,-27.222,0
2308,-32.604,-26.97,0
2309,-32.641,-26.985,0
2310,-33.004,-27.189,0
2311,-32.939,-27.183,0
2312,-32.635,-27.432,0
2313,-32.781,-27.193,0
2314,-32.559,-27.04,0
2315,-32.662,-27.559,0
2316,-32.714,-27.194,0
2317,-32.393,-27.342,0
2318,-32.889,-27.383,0
2319,-32.889,-27.311,0
2320,-32.702,-27.44,0
2321,-32.302,-27.311,0
2322,-32.637,-27.416,0
2323,-32.585,-27.364,0
2324,-32.832,-27.172,0
2325,-32.73,-27.404,0
2326,-32.676,-27.515,0
2327,-32.526,-27.517,0
2328,-32.765,-27.03,0
2329,-32.747,-27.351,0
2330,-32.754,-27.012,0
2331,-32.34,-27.28,0
2332,-32.474,-27.437,0
2333,-32.386,-27.343,0
2334,-32.95,-27.332,0
2335,-32.817,-27.152,0
2336,-32.883,-26.989,0
2337,-32.788,-26.678,0
2338,-32.688,-26.827,0
2339,-33.086,-27.062,0
2340,-32.568,-27.354,0
2341,-33.114,-27.38,0
2342,-32.557,-27.316,0
2343,-32.988,-27.403,0
2344,-32.988,-27.016,0
2345,-32.748,-27.095,0
2346,-33.18,-27.355,0
2347,-32.898,-26.847,0
2348,-33.006,-27.488,0
2349,-32.839,-27.404,0
2350,-32.728,-26.847,0
2351,-32.728,-27.218,0
2352,-32.789,-27.404,0
2353,-33.076,-27.778,0
2354,-32.913,-27.32,0
2355,-32.978,-27.32,0
2356,-32.634,-27.256,0
2357,-32.672,-27.576,0
2358,-32.899,-27.576,0
2359,-32.885,-27.356,0
2360,-32.649,-27.126,0
2361,-32.679,-27.405,0
2362,-32.896,-27.442,0
2363,-32.772,-27.227,0
2364,-32.822,-27.068,0
2365,-32.796,-27.48,0
2366,-32.738,-27.147,0
2367,-32.597,-27.354,0
2368,-32.539,-27.557,0
2369,-32.711,-27.41,0
2370,-32.51,-26.82,0
2371,-32.613,-27.297,0
2372,-33.026,-27.152,0
2373,-32.672,-27.293,0
2374,-32.725,-27.318,0
2375,-32.55,-26.914,0
2376,-32.662,-27.427,0
2377,-32.871,-27.521,0
2378,-32.616,-27.456,0
2379,-32.602,-27.507,0
2380,-32.803,-27.465,0
2381,-32.68,-27.47,0
2382,-32.793,-27.179,0
2383,-32.636,-26.749,0
2384,-32.925,-27.601,0
2385,-32.506,-27.215,0
2386,-32.549,-27.32,0
2387,-32.563,-28.305,0
2388,-32.586,-26.933,0
2389,-32.373,-26.669,0
2390,-32.75,-27.01,0
2391,-32.505,-27.557,0
2392,-32.715,-27.125,0
2393,-32.842,-27.436,0
2394,-32.449,-26.695,0
2395,-32.648,-27.353,0
2396,-32.591,-26.991,0
2397,-32.121,-27.822,0
2398,-32.935,-27.03,0
2399,-32.409,-27.354,0
2400,-32.541,-27.254,0
2401,-32.583,-26.979,0
2402,-32.617,-27.183,0
2403,-32.562,-27.487,0
2404,-32.647,-27.183,0
2405,-32.736,-27.06,0
2406,-32.055,-26.948,0
2407,-32.093,-26.712,0
2408,-32.855,-26.663,0
2409,-32.122,-26.937,0
2410,-32.775,-27.246,0
2411,-32.971,-27.341,0
2412,-32.155,-27.111,0
2413,-32.289,-27.529,0
2414,-32.483,-27.328,0
2415,-31.904,-27.126,0
2416,-32.638,-27.758,0
2417,-32.633,-27.285,0
2418,-32.272,-27.543,0
2419,-32.272,-27.543,0
2420,-32.412,-27.228,0
2421,-32.562,-27.146,0
2422,-32.595,-27.125,0
2423,-32.744,-27.254,0
2424,-32.685,-27.036,0
2425,-31.978,-27.66,0
2426,-32.102,-27.195,0
2427,-32.812,-27.669,0
2428,-32.433,-26.952,0
2429,-31.668,-27.033,0
2430,-32.664,-26.679,0
2431,-32.015,-27.155,0
2432,-31.819,-27.246,0
2433,-31.819,-27.377,0
2434,-32.67,-27.299,0
2435,-31.955,-27.133,0
2436,-33.017,-27.161,0
2437,-32.159,-26.974,0
2438,-32.25,-27.297,0
2439,-32.358,-27.455,0
2440,-31.97,-27.178,0
2441,-32.681,-26.938,0
2442,-32.59,-27.255,0
2443,-32.884,-27.205,0
2444,-32.801,-26.9,0
2445,-32.377,-27.031,0
2446,-32.507,-27.174,0
2447,-32.551,-26.951,0
2448,-32.227,-27.199,0
2449,-32.346,-27.476,0
2450,-32.59,-27.581,0
2451,-32.59,-27.581,0
2452,-32.411,-26.946,0
2453,-32.46,-27.392,0
2454,-32.802,-27.044,0
2455,-32.373,-26.669,0
2456,-32.065,-27.383,0
2457,-32.373,-26.669,0
2458,-32.913,-27.16,0
2459,-33.043,-26.788,0
2460,-32.209,-26.897,0
2461,-32.524,-27.311,0
2462,-32.531,-27.25,0
2463,-32.512,-27.031,0
2464,-32.577,-27.288,0
2465,-32.908,-26.711,0
2466,-32.919,-26.711,0
2467,-32.712,-27.47,0
2468,-32.761,-26.976,0
2469,-32.646,-26.846,0
2470,-32.715,-27.123,0
2471,-32.671,-27.217,0
2472,-32.75,-27.073,0
2473,-32.742,-27.314,0
2474,-32.582,-27.753,0
2475,-33.158,-27.156,0
2476,-32.516,-27.487,0
2477,-32.931,-26.971,0
2478,-33.073,-26.909,0
2479,-32.995,-26.888,0
2480,-32.913,-26.888,0
2481,-32.933,-27.086,0
2482,-32.903,-27.263,0
2483,-33.054,-27.193,0
2484,-32.567,-26.99,0
2485,-32.785,-26.707,0
2486,-32.605,-26.951,0
2487,-33.196,-27.273,0
2488,-32.755,-27.09,0
2489,-32.707,-27.047,0
2490,-33.098,-26.835,0
2491,-32.748,-26.798,0
2492,-32.759,-27.104,0
2493,-32.673,-26.937,0
2494,-32.593,-26.711,0
2495,-32.913,-27.008,0
2496,-32.904,-26.61,0
2497,-32.865,-26.925,0
2498,-33.017,-27.033,0
2499,-32.904,-27.314,0
2500,-32.964,-27.184,0
2501,-32.713,-26.976,0
2502,-32.95,-27.559,0
2503,-32.787,-27.063,0
2504,-32.671,-27.164,0
2505,-32.657,-27.195,0
2506,-32.873,-26.873,0
2507,-32.825,-27.408,0
2508,-32.568,-27.39,0
2509,-33.131,-27.218,0
2510,-32.609,-27.204,0
2511,-32.741,-26.732,0
2512,-32.09,-26.98,0
2513,-32.155,-27.055,0
2514,-32.623,-27.026,0
2515,-32.652,-26.765,0
2516,-32.652,-26.765,0
2517,-32.623,-27.026,0
2518,-32.207,-26.997,0
2519,-32.207,-26.872,0
2520,-31.927,-27.131,0
2521,-32.445,-27.131,0
2522,-32.689,-27.443,0
2523,-32.689,-27.443,0
2524,-32.297,-26.946,0
2525,-32.687,-27.478,0
2526,-32.85,-27.316,0
2527,-32.206,-27.041,0
2528,-32.886,-27.074,0
2529,-32.501,-27.496,0
2530,-32.484,-27.121,0
2531,-32.586,-26.99,0
2532,-32.483,-26.872,0
2533,-32.503,-27.051,0
2534,-32.797,-27.478,0
2535,-32.172,-27.397,0
2536,-32.35,-27.11,0
2537,-32.984,-26.654,0
2538,-33.156,-26.822,0
2539,-32.926,-26.831,0
2540,-33.05,-26.904,0
2541,-32.838,-26.966,0
2542,-32.716,-26.972,0
2543,-32.844,-26.888,0
2544,-32.712,-26.771,0
2545,-32.956,-27.118,0
2546,-32.637,-26.957,0
2547,-32.712,-26.822,0
2548,-32.748,-27.359,0
2549,-32.444,-27.132,0
2550,-32.477,-26.783,0
2551,-32.313,-27.074,0
2552,-32.274,-27.285,0
2553,-32.434,-26.882,0
2554,-32.224,-27.019,0
2555,-32.223,-26.831,0
2556,-32.484,-27.005,0
2557,-32.257,-27.121,0
2558,-32.886,-26.934,0
2559,-32.501,-27.132,0
2560,-32.206,-27.074,0
2561,-32.483,-26.997,0
2562,-32.257,-26.934,0
2563,-32.909,-26.861,0
2564,-32.586,-26.99,0
2565,-33.021,-26.946,0
2566,-32.64,-26.767,0
2567,-32.607,-27.211,0
2568,-32.464,-27.074,0
2569,-32.313,-27.092,0
2570,-32.392,-27.047,0
2571,-32.638,-27.38,0
2572,-32.657,-27.377,0
2573,-32.66,-27.285,0
2574,-32.434,-27.153,0
2575,-32.786,-27.216,0
2576,-32.554,-27.07,0
2577,-32.554,-27.3,0
2578,-32.985,-26.982,0
2579,-32.244,-27.111,0
2580,-32.594,-27.443,0
2581,-32.797,-26.817,0
2582,-32.797,-26.913,0
2583,-32.66,-26.913,0
2584,-32.674,-27.051,0
2585,-32.503,-27.051,0
2586,-32.484,-27.051,0
2587,-32.484,-27.185,0
2588,-32.888,-27.185,0
2589,-32.748,-26.817,0
2590,-32.493,-27.185,0
2591,-32.493,-27.397,0
2592,-32.431,-27.316,0
2593,-32.594,-27.116,0
2594,-32.594,-27.116,0
2595,-32.866,-26.981,0
2596,-32.91,-27.116,0
2597,-32.839,-26.981,0
2598,-32.866,-26.981,0
2599,-33.073,-26.903,0
